1e893136c07aaa5a3babaf8a3f3d26a6,3.5,com.bbpp.unitconverter,1.8.6
7f440e08d702650612f0300e8b143309,1.0,com.bbpp.shashinshu,1.8.6
1e893136c07aaa5a3babaf8a3f3d26a6,3.5,com.bbpp.unitconverter,1.8.6
1e893136c07aaa5a3babaf8a3f3d26a6,3.5,com.bbpp.unitconverter,1.8.6
1e893136c07aaa5a3babaf8a3f3d26a6,3.5,com.bbpp.unitconverter,1.8.6
1e893136c07aaa5a3babaf8a3f3d26a6,3.5,com.bbpp.unitconverter,1.8.6
1e893136c07aaa5a3babaf8a3f3d26a6,3.5,com.bbpp.unitconverter,1.8.6
1e893136c07aaa5a3babaf8a3f3d26a6,3.5,com.bbpp.unitconverter,1.8.6
1e893136c07aaa5a3babaf8a3f3d26a6,3.5,com.bbpp.unitconverter,1.8.6
1e893136c07aaa5a3babaf8a3f3d26a6,3.5,com.bbpp.unitconverter,1.8.6
1e893136c07aaa5a3babaf8a3f3d26a6,3.5,com.bbpp.unitconverter,1.8.6
1e893136c07aaa5a3babaf8a3f3d26a6,3.5,com.bbpp.unitconverter,1.8.6
1e893136c07aaa5a3babaf8a3f3d26a6,3.5,com.bbpp.unitconverter,1.8.6
1e893136c07aaa5a3babaf8a3f3d26a6,3.5,com.bbpp.unitconverter,1.8.6
1e893136c07aaa5a3babaf8a3f3d26a6,3.5,com.bbpp.unitconverter,1.8.6
1e893136c07aaa5a3babaf8a3f3d26a6,3.5,com.bbpp.unitconverter,1.8.6
1e893136c07aaa5a3babaf8a3f3d26a6,3.5,com.bbpp.unitconverter,1.8.6
1e893136c07aaa5a3babaf8a3f3d26a6,3.5,com.bbpp.unitconverter,1.8.6
1e893136c07aaa5a3babaf8a3f3d26a6,3.5,com.bbpp.unitconverter,1.8.6
1e893136c07aaa5a3babaf8a3f3d26a6,3.5,com.bbpp.unitconverter,1.8.6